County_Name,State_Name,Confirmed,New,Death,Fatality_Rate,Last_Update,Latitude,Longitude
King,Washington,328,,32,0.0975610,2020-03-14 12:04 EDT,47.4901181,-121.8043324
Snohomish,Washington,133,,4,0.0300752,2020-03-14 12:04 EDT,47.9124000,-122.0930600
Unassigned,Washington,65,,0,0.0000000,2020-03-14 12:04 EDT,47.4009020,-121.4904940
Pierce,Washington,19,,0,0.0000000,2020-03-14 12:04 EDT,47.0227081,-122.1014408
Clark,Washington,3,,0,0.0000000,2020-03-14 12:04 EDT,45.7818733,-122.4812785
Kittitas,Washington,3,,0,0.0000000,2020-03-14 12:04 EDT,46.9847200,-120.4175200
Kitsap,Washington,3,,0,0.0000000,2020-03-14 12:04 EDT,47.4749622,-122.6085325
Skagit,Washington,3,,0,0.0000000,2020-03-14 12:04 EDT,48.4793302,-121.7280802
Island,Washington,3,,0,0.0000000,2020-03-14 12:04 EDT,48.1916094,-122.6650075
Whatcom,Washington,2,,0,0.0000000,2020-03-14 12:04 EDT,48.8255970,-121.7174182
Yakima,Washington,2,,0,0.0000000,2020-03-14 12:04 EDT,46.6044800,-120.5072100
Grant,Washington,1,,1,1.0000000,2020-03-14 12:04 EDT,47.1988579,-119.4525987
Jefferson,Washington,1,,0,0.0000000,2020-03-14 12:04 EDT,47.7481061,-123.6000095
Thurston,Washington,1,,0,0.0000000,2020-03-14 12:04 EDT,46.9198058,-122.8298691
Grays Harbor,Washington,1,,0,0.0000000,2020-03-14 12:04 EDT,47.1505523,-123.7737432
Columbia,Washington,1,,0,0.0000000,2020-03-14 12:04 EDT,46.2975768,-117.9078634
Westchester,New York,158,,0,0.0000000,2020-03-14 12:04 EDT,41.1631976,-73.7560629
New York,New York,154,,1,0.0064935,2020-03-14 12:04 EDT,40.7145500,-74.0071400
Unassigned,New York,100,,0,0.0000000,2020-03-14 12:04 EDT,42.1657260,-74.9480510
Nassau,New York,51,,0,0.0000000,2020-03-14 12:04 EDT,40.7416523,-73.5889962
Suffolk,New York,28,,0,0.0000000,2020-03-14 12:04 EDT,40.8773281,-72.8589804
Rockland,New York,9,,0,0.0000000,2020-03-14 12:04 EDT,41.1523740,-74.0240103
Ulster,New York,5,,0,0.0000000,2020-03-14 12:04 EDT,41.9598600,-73.9903300
Albany,New York,4,,0,0.0000000,2020-03-14 12:04 EDT,42.6515500,-73.7552100
Saratoga,New York,3,,0,0.0000000,2020-03-14 12:04 EDT,43.0697400,-73.6366100
Orange,New York,3,,0,0.0000000,2020-03-14 12:04 EDT,41.4020682,-74.3055957
Dutchess,New York,3,,0,0.0000000,2020-03-14 12:04 EDT,41.7647751,-73.7428168
Monroe,New York,2,,0,0.0000000,2020-03-14 12:04 EDT,43.1460428,-77.6967491
Delaware,New York,1,,0,0.0000000,2020-03-14 12:04 EDT,42.1980433,-74.9663520
Herkimer,New York,1,,0,0.0000000,2020-03-14 12:04 EDT,43.0259000,-74.9843300
Schenectady,New York,1,,0,0.0000000,2020-03-14 12:04 EDT,42.8123800,-73.9412200
Broome,New York,1,,0,0.0000000,2020-03-14 12:04 EDT,42.1602180,-75.8196459
Santa Clara,California,79,,2,0.0253165,2020-03-14 12:04 EDT,37.3557900,-121.9550900
Los Angeles,California,40,,1,0.0250000,2020-03-14 12:04 EDT,34.0534900,-118.2453200
San Mateo,California,26,,0,0.0000000,2020-03-14 12:04 EDT,37.5470400,-122.3148500
Contra Costa,California,25,,0,0.0000000,2020-03-14 12:04 EDT,37.9179373,-121.9259354
San Francisco,California,23,,0,0.0000000,2020-03-14 12:04 EDT,37.7771200,-122.4196400
Sacramento,California,17,,1,0.0588235,2020-03-14 12:04 EDT,38.5794400,-121.4908500
Orange,California,13,,0,0.0000000,2020-03-14 12:04 EDT,33.7878700,-117.8507100
Riverside,California,12,,0,0.0000000,2020-03-14 12:04 EDT,33.9817100,-117.3740400
Alameda,California,11,,0,0.0000000,2020-03-14 12:04 EDT,37.7668300,-122.2453000
San Diego,California,8,,0,0.0000000,2020-03-14 12:04 EDT,32.7156800,-117.1617100
San Joaquin,California,8,,0,0.0000000,2020-03-14 12:04 EDT,37.9347956,-121.2713112
Santa Cruz,California,7,,0,0.0000000,2020-03-14 12:04 EDT,36.9742400,-122.0309800
Solano,California,6,,0,0.0000000,2020-03-14 12:04 EDT,38.2779336,-121.9272405
Ventura,California,5,,0,0.0000000,2020-03-14 12:04 EDT,34.2808200,-119.2923200
Placer,California,4,,1,0.2500000,2020-03-14 12:04 EDT,39.0591356,-120.7536328
San Benito,California,3,,0,0.0000000,2020-03-14 12:04 EDT,36.5050600,-121.0833200
Marin,California,3,,0,0.0000000,2020-03-14 12:04 EDT,38.0718873,-122.7195348
Yolo,California,2,,0,0.0000000,2020-03-14 12:04 EDT,38.7343100,-121.8127900
Calaveras,California,2,,0,0.0000000,2020-03-14 12:04 EDT,38.2047357,-120.5540655
Stanislaus,California,2,,0,0.0000000,2020-03-14 12:04 EDT,37.5593262,-120.9976619
Tulare,California,2,,0,0.0000000,2020-03-14 12:04 EDT,36.2064900,-119.3430500
Imperial,California,2,,0,0.0000000,2020-03-14 12:04 EDT,32.8474800,-115.5695200
Humboldt,California,1,,0,0.0000000,2020-03-14 12:04 EDT,40.6987980,-123.8737147
Sonoma,California,1,,0,0.0000000,2020-03-14 12:04 EDT,38.2918800,-122.4572800
Unassigned,California,1,,0,0.0000000,2020-03-14 12:04 EDT,,
Madera,California,1,,0,0.0000000,2020-03-14 12:04 EDT,36.9620500,-120.0639900
Fresno,California,1,,0,0.0000000,2020-03-14 12:04 EDT,36.7408400,-119.7855200
Shasta,California,1,,0,0.0000000,2020-03-14 12:04 EDT,40.5982800,-122.4909500
Middlesex,Massachusetts,60,,0,0.0000000,2020-03-14 12:04 EDT,42.4855941,-71.3917913
Suffolk,Massachusetts,26,,0,0.0000000,2020-03-14 12:04 EDT,42.3318916,-71.0753743
Norfolk,Massachusetts,24,,0,0.0000000,2020-03-14 12:04 EDT,42.1194100,-71.3308300
Berkshire,Massachusetts,9,,0,0.0000000,2020-03-14 12:04 EDT,42.5110500,-73.1942600
Worcester,Massachusetts,2,,0,0.0000000,2020-03-14 12:04 EDT,42.2634100,-71.8021900
Essex,Massachusetts,2,,0,0.0000000,2020-03-14 12:04 EDT,42.6325100,-70.7811300
Eagle,Colorado,16,,0,0.0000000,2020-03-14 12:04 EDT,39.6556500,-106.8278800
Denver,Colorado,15,,0,0.0000000,2020-03-14 12:04 EDT,39.7400100,-104.9920200
Pitkin,Colorado,10,,0,0.0000000,2020-03-14 12:04 EDT,39.2171252,-106.9167355
Arapahoe,Colorado,7,,0,0.0000000,2020-03-14 12:04 EDT,39.6497672,-104.3392044
Jefferson,Colorado,7,,0,0.0000000,2020-03-14 12:04 EDT,39.5864316,-105.2504022
Douglas,Colorado,4,,0,0.0000000,2020-03-14 12:04 EDT,39.3296664,-104.9295706
Gunnison,Colorado,4,,0,0.0000000,2020-03-14 12:04 EDT,38.5452600,-106.9269200
Adams,Colorado,3,,0,0.0000000,2020-03-14 12:04 EDT,39.8737591,-104.3366349
Summit,Colorado,2,,0,0.0000000,2020-03-14 12:04 EDT,39.6341694,-106.1163607
El Paso,Colorado,2,,1,0.5000000,2020-03-14 12:04 EDT,38.8321269,-104.5255141
Unassigned,Colorado,2,,0,0.0000000,2020-03-14 12:04 EDT,39.0598110,-105.3111040
Weld,Colorado,2,,0,0.0000000,2020-03-14 12:04 EDT,40.5547727,-104.3924353
Larimer,Colorado,1,,0,0.0000000,2020-03-14 12:04 EDT,40.6664525,-105.4609363
Pueblo,Colorado,1,,0,0.0000000,2020-03-14 12:04 EDT,38.2637500,-104.6125200
Routt,Colorado,1,,0,0.0000000,2020-03-14 12:04 EDT,40.4849979,-106.9912189
Broward,Florida,19,,0,0.0000000,2020-03-14 12:04 EDT,26.1522454,-80.4870534
Miami-Dade,Florida,8,,0,0.0000000,2020-03-14 12:04 EDT,25.6141821,-80.5679083
Unassigned,Florida,5,,0,0.0000000,2020-03-14 12:04 EDT,27.7662790,-81.6867830
Palm Beach,Florida,5,,0,0.0000000,2020-03-14 12:04 EDT,26.7028800,-80.0366100
Manatee,Florida,4,,0,0.0000000,2020-03-14 12:04 EDT,27.4964300,-82.5395400
Lee,Florida,4,,1,0.2500000,2020-03-14 12:04 EDT,26.5796516,-81.8246853
Volusia,Florida,4,,0,0.0000000,2020-03-14 12:04 EDT,29.1693400,-81.5225100
Hillsborough,Florida,3,,0,0.0000000,2020-03-14 12:04 EDT,27.9302310,-82.3078553
Alachua,Florida,3,,0,0.0000000,2020-03-14 12:04 EDT,29.7930900,-82.4942800
Collier,Florida,3,,0,0.0000000,2020-03-14 12:04 EDT,26.1162556,-81.3401333
Pinellas,Florida,2,,0,0.0000000,2020-03-14 12:04 EDT,27.9313392,-82.7219403
Sarasota,Florida,2,,0,0.0000000,2020-03-14 12:04 EDT,27.3388900,-82.5388700
Orange,Florida,2,,1,0.5000000,2020-03-14 12:04 EDT,41.3314100,-74.3566700
Santa Rosa,Florida,1,,1,1.0000000,2020-03-14 12:04 EDT,30.7314761,-87.0176139
Charlotte,Florida,1,,0,0.0000000,2020-03-14 12:04 EDT,26.9084833,-81.9034392
Okaloosa,Florida,1,,0,0.0000000,2020-03-14 12:04 EDT,30.7070235,-86.5965082
Nassau,Florida,1,,0,0.0000000,2020-03-14 12:04 EDT,30.6107767,-81.8017400
Pasco,Florida,1,,0,0.0000000,2020-03-14 12:04 EDT,28.3245300,-82.3362400
St. Johns,Florida,1,,0,0.0000000,2020-03-14 12:04 EDT,30.1205100,-81.6253600
Seminole,Florida,1,,0,0.0000000,2020-03-14 12:04 EDT,28.7170014,-81.2363226
Duval,Florida,1,,0,0.0000000,2020-03-14 12:04 EDT,30.4784400,-81.6255700
Clay,Florida,1,,0,0.0000000,2020-03-14 12:04 EDT,29.9830552,-81.8577821
Osceola,Florida,1,,0,0.0000000,2020-03-14 12:04 EDT,28.0681258,-81.1451965
Unassigned,Georgia,22,,0,0.0000000,2020-03-14 12:04 EDT,33.0406190,-83.6430740
Fulton,Georgia,8,,0,0.0000000,2020-03-14 12:04 EDT,33.7902407,-84.4671100
Cobb,Georgia,8,,1,0.1250000,2020-03-14 12:04 EDT,33.9414802,-84.5766374
DeKalb,Georgia,5,,0,0.0000000,2020-03-14 12:04 EDT,33.7715373,-84.2264653
Bartow,Georgia,4,,0,0.0000000,2020-03-14 12:04 EDT,34.2376440,-84.8407294
Floyd,Georgia,3,,0,0.0000000,2020-03-14 12:04 EDT,34.2632424,-85.2145276
Fayette,Georgia,3,,0,0.0000000,2020-03-14 12:04 EDT,33.4139091,-84.4942725
Gwinnett,Georgia,2,,0,0.0000000,2020-03-14 12:04 EDT,33.9611888,-84.0235873
Gordon,Georgia,2,,0,0.0000000,2020-03-14 12:04 EDT,34.5031965,-84.8758788
Polk,Georgia,1,,0,0.0000000,2020-03-14 12:04 EDT,34.0016881,-85.1881097
Cherokee,Georgia,1,,0,0.0000000,2020-03-14 12:04 EDT,34.2439897,-84.4762441
Charlton,Georgia,1,,0,0.0000000,2020-03-14 12:04 EDT,30.7817109,-82.1377648
Lowndes,Georgia,1,,0,0.0000000,2020-03-14 12:04 EDT,30.8336283,-83.2676955
Lee,Georgia,1,,0,0.0000000,2020-03-14 12:04 EDT,31.7795972,-84.1408802
Camden,Georgia,1,,0,0.0000000,2020-03-14 12:04 EDT,,
Coweta,Georgia,1,,0,0.0000000,2020-03-14 12:04 EDT,33.3536027,-84.7633669
Orleans,Louisiana,26,,0,0.0000000,2020-03-14 12:04 EDT,30.0384318,-89.9005515
Unassigned,Louisiana,15,,0,0.0000000,2020-03-14 12:04 EDT,31.1695460,-91.8678050
Jefferson parish,Louisiana,3,,0,0.0000000,2020-03-14 12:04 EDT,,
St. Tammany,Louisiana,2,,0,0.0000000,2020-03-14 12:04 EDT,30.3940800,-89.8950700
Caddo,Louisiana,1,,0,0.0000000,2020-03-14 12:04 EDT,32.7563200,-93.9737400
Lafourche Parish,Louisiana,1,,0,0.0000000,2020-03-14 12:04 EDT,,
St. Bernard Parish,Louisiana,1,,0,0.0000000,2020-03-14 12:04 EDT,,
St. Charles Parish,Louisiana,1,,0,0.0000000,2020-03-14 12:04 EDT,,
Terrebonne Parish,Louisiana,1,,0,0.0000000,2020-03-14 12:04 EDT,,
Harris,Texas,10,,0,0.0000000,2020-03-14 12:04 EDT,29.8576280,-95.3931114
Fort Bend,Texas,9,,0,0.0000000,2020-03-14 12:04 EDT,29.5274525,-95.7706508
Dallas,Texas,9,,0,0.0000000,2020-03-14 12:04 EDT,32.7782200,-96.7951200
Collin,Texas,6,,0,0.0000000,2020-03-14 12:04 EDT,33.1968000,-96.8039300
Tarrant,Texas,3,,0,0.0000000,2020-03-14 12:04 EDT,32.8173000,-97.0765500
Montgomery,Texas,3,,0,0.0000000,2020-03-14 12:04 EDT,30.3886200,-95.6963300
Travis,Texas,3,,0,0.0000000,2020-03-14 12:04 EDT,30.3346227,-97.7821898
Smith,Texas,3,,0,0.0000000,2020-03-14 12:04 EDT,32.3750560,-95.2691026
Gregg,Texas,1,,0,0.0000000,2020-03-14 12:04 EDT,32.4806246,-94.8169910
Bexar,Texas,1,,0,0.0000000,2020-03-14 12:04 EDT,29.4489207,-98.5200077
El Paso,Texas,1,,0,0.0000000,2020-03-14 12:04 EDT,31.7591600,-106.4874900
Bell,Texas,1,,0,0.0000000,2020-03-14 12:04 EDT,31.0376588,-97.4780738
Bergen,New Jersey,15,,1,0.0666667,2020-03-14 12:04 EDT,40.9594915,-74.0744420
Monmouth,New Jersey,8,,0,0.0000000,2020-03-14 12:04 EDT,40.2600411,-74.2219463
Middlesex,New Jersey,6,,0,0.0000000,2020-03-14 12:04 EDT,40.5793600,-74.5006700
Hudson,New Jersey,4,,0,0.0000000,2020-03-14 12:04 EDT,40.7403423,-74.0741097
Burlington,New Jersey,3,,0,0.0000000,2020-03-14 12:04 EDT,40.0768700,-74.8577500
Essex,New Jersey,3,,0,0.0000000,2020-03-14 12:04 EDT,40.7877926,-74.2476006
Morris,New Jersey,3,,0,0.0000000,2020-03-14 12:04 EDT,40.8620190,-74.5442741
Camden,New Jersey,2,,0,0.0000000,2020-03-14 12:04 EDT,39.9452500,-75.1191300
Passaic,New Jersey,2,,0,0.0000000,2020-03-14 12:04 EDT,40.8603400,-74.1237400
Union,New Jersey,1,,0,0.0000000,2020-03-14 12:04 EDT,40.6963500,-74.2695700
Somerset,New Jersey,1,,0,0.0000000,2020-03-14 12:04 EDT,40.4985900,-74.5224900
Ocean,New Jersey,1,,0,0.0000000,2020-03-14 12:04 EDT,39.9092743,-74.2969653
Mercer,New Jersey,1,,0,0.0000000,2020-03-14 12:04 EDT,40.2833191,-74.7015737
Cook,Illinois,40,,0,0.0000000,2020-03-14 12:04 EDT,41.8401493,-87.8168232
Kane,Illinois,2,,0,0.0000000,2020-03-14 12:04 EDT,41.9388756,-88.4286393
McHenry,Illinois,2,,0,0.0000000,2020-03-14 12:04 EDT,42.3262100,-88.2673100
Lake,Illinois,2,,0,0.0000000,2020-03-14 12:04 EDT,42.3232765,-88.0035345
Montgomery,Pennsylvania,18,,0,0.0000000,2020-03-14 12:04 EDT,40.2108942,-75.3673638
Delaware,Pennsylvania,6,,0,0.0000000,2020-03-14 12:04 EDT,39.9167251,-75.3989856
Monroe,Pennsylvania,3,,0,0.0000000,2020-03-14 12:04 EDT,41.0581159,-75.3393979
Philadelphia,Pennsylvania,3,,0,0.0000000,2020-03-14 12:04 EDT,39.9522200,-75.1621800
Bucks,Pennsylvania,3,,0,0.0000000,2020-03-14 12:04 EDT,40.3369404,-75.1067941
Cumberland,Pennsylvania,3,,0,0.0000000,2020-03-14 12:04 EDT,40.1636766,-77.2653807
Wayne,Pennsylvania,1,,0,0.0000000,2020-03-14 12:04 EDT,41.6487880,-75.3032486
Northampton,Pennsylvania,1,,0,0.0000000,2020-03-14 12:04 EDT,40.6836000,-75.4910800
Pike,Pennsylvania,1,,0,0.0000000,2020-03-14 12:04 EDT,41.3320250,-75.0338235
Chester,Pennsylvania,1,,0,0.0000000,2020-03-14 12:04 EDT,39.9732037,-75.7484515
Washington,Pennsylvania,1,,0,0.0000000,2020-03-14 12:04 EDT,40.1675200,-80.2464800
Washington,Oregon,10,,0,0.0000000,2020-03-14 12:04 EDT,45.5600596,-123.0984080
Linn,Oregon,8,,0,0.0000000,2020-03-14 12:04 EDT,44.4887414,-122.5343983
Deschutes,Oregon,3,,0,0.0000000,2020-03-14 12:04 EDT,44.1592400,-121.2596700
Jackson,Oregon,2,,0,0.0000000,2020-03-14 12:04 EDT,42.4321189,-122.7284862
Umatilla,Oregon,2,,0,0.0000000,2020-03-14 12:04 EDT,45.9176800,-119.3420300
Marion,Oregon,2,,0,0.0000000,2020-03-14 12:04 EDT,44.7504500,-122.9405200
Klamath,Oregon,1,,0,0.0000000,2020-03-14 12:04 EDT,42.6921914,-121.6433518
Douglas,Oregon,1,,0,0.0000000,2020-03-14 12:04 EDT,43.2797710,-123.1664872
Multnomah,Oregon,1,,0,0.0000000,2020-03-14 12:04 EDT,45.4697500,-122.7056200
Polk,Oregon,1,,0,0.0000000,2020-03-14 12:04 EDT,44.9037345,-123.4127777
Clackamas,Oregon,1,,0,0.0000000,2020-03-14 12:04 EDT,45.4121100,-122.5690900
James City,Virginia,7,,0,0.0000000,2020-03-14 12:04 EDT,37.3132739,-76.7733526
Fairfax,Virginia,6,,0,0.0000000,2020-03-14 12:04 EDT,38.8417900,-77.3088700
Arlington,Virginia,5,,0,0.0000000,2020-03-14 12:04 EDT,38.8905000,-77.0862900
Loudoun,Virginia,3,,0,0.0000000,2020-03-14 12:04 EDT,39.0906991,-77.6356479
Virginia Beach City,Virginia,2,,0,0.0000000,2020-03-14 12:04 EDT,36.7481787,-76.0574891
Prince William,Virginia,2,,0,0.0000000,2020-03-14 12:04 EDT,38.7024474,-77.4800235
Spotsylvania,Virginia,1,,0,0.0000000,2020-03-14 12:04 EDT,38.2017400,-77.5885500
Hanover,Virginia,1,,0,0.0000000,2020-03-14 12:04 EDT,37.7688100,-77.3710900
Prince Edward,Virginia,1,,0,0.0000000,2020-03-14 12:04 EDT,37.2242974,-78.4410565
Alexandria City,Virginia,1,,0,0.0000000,2020-03-14 12:04 EDT,38.8183862,-77.0862296
Harrisonburg,Virginia,1,,0,0.0000000,2020-03-14 12:04 EDT,38.4516300,-78.8697000
Chesterfield,Virginia,1,,0,0.0000000,2020-03-14 12:04 EDT,37.3775600,-77.5081700
Davidson,Tennessee,13,,0,0.0000000,2020-03-14 12:04 EDT,36.1695608,-86.7847568
Williamson,Tennessee,9,,0,0.0000000,2020-03-14 12:04 EDT,35.8938267,-86.8986396
Shelby,Tennessee,2,,0,0.0000000,2020-03-14 12:04 EDT,31.9565600,-94.3182600
Sullivan,Tennessee,1,,0,0.0000000,2020-03-14 12:04 EDT,36.5128018,-82.3044950
Knox,Tennessee,1,,0,0.0000000,2020-03-14 12:04 EDT,35.9956069,-83.9346520
Hamilton,Tennessee,1,,0,0.0000000,2020-03-14 12:04 EDT,35.1793204,-85.1668414
Jefferson,Tennessee,1,,0,0.0000000,2020-03-14 12:04 EDT,36.0571754,-83.4517945
Rutherford,Tennessee,1,,0,0.0000000,2020-03-14 12:04 EDT,35.8427433,-86.4167525
Campbell,Tennessee,1,,0,0.0000000,2020-03-14 12:04 EDT,36.4034563,-84.1493609
Unassigned,Maryland,9,,0,0.0000000,2020-03-14 12:04 EDT,,
Prince George's,Maryland,7,,0,0.0000000,2020-03-14 12:04 EDT,38.8283862,-76.8458707
Montgomery,Maryland,6,,0,0.0000000,2020-03-14 12:04 EDT,39.1363682,-77.2040317
Baltimore,Maryland,2,,0,0.0000000,2020-03-14 12:04 EDT,39.2905800,-76.6092600
Harford,Maryland,1,,0,0.0000000,2020-03-14 12:04 EDT,39.5544404,-76.3158396
Charles,Maryland,1,,0,0.0000000,2020-03-14 12:04 EDT,38.4741042,-77.0128671
Anne Arundel,Maryland,1,,0,0.0000000,2020-03-14 12:04 EDT,39.0088970,-76.6032863
Carroll,Maryland,1,,0,0.0000000,2020-03-14 12:04 EDT,39.5629588,-77.0224657
Oakland,Michigan,6,,0,0.0000000,2020-03-14 12:04 EDT,42.7421400,-83.1617400
Wayne,Michigan,6,,0,0.0000000,2020-03-14 12:04 EDT,42.2851500,-83.3836000
Kent,Michigan,3,,0,0.0000000,2020-03-14 12:04 EDT,43.0321620,-85.5492982
Washtenaw,Michigan,3,,0,0.0000000,2020-03-14 12:04 EDT,42.2532294,-83.8387763
St. Clair,Michigan,1,,0,0.0000000,2020-03-14 12:04 EDT,42.8318900,-82.5022100
Ingham,Michigan,1,,0,0.0000000,2020-03-14 12:04 EDT,42.5970924,-84.3735342
Montcalm,Michigan,1,,0,0.0000000,2020-03-14 12:04 EDT,43.3109547,-85.1525018
Unassigned,Michigan,1,,0,0.0000000,2020-03-14 12:04 EDT,43.3266180,-84.5360950
Bay,Michigan,1,,0,0.0000000,2020-03-14 12:04 EDT,43.7073289,-83.9920371
Charlevoix,Michigan,1,,0,0.0000000,2020-03-14 12:04 EDT,45.3165300,-85.2607200
Macomb,Michigan,1,,0,0.0000000,2020-03-14 12:04 EDT,42.6956500,-82.9217100
Wake,North Carolina,9,,0,0.0000000,2020-03-14 12:04 EDT,35.7901085,-78.6503976
Unassigned,North Carolina,3,,0,0.0000000,2020-03-14 12:04 EDT,35.6300660,-79.8064190
Forsyth,North Carolina,2,,0,0.0000000,2020-03-14 12:04 EDT,36.1305370,-80.2563022
Chatham,North Carolina,1,,0,0.0000000,2020-03-14 12:04 EDT,35.7026299,-79.2554158
Durham,North Carolina,1,,0,0.0000000,2020-03-14 12:04 EDT,35.9954200,-78.8964400
Johnston,North Carolina,1,,0,0.0000000,2020-03-14 12:04 EDT,35.5176559,-78.3657386
Mecklenburg,North Carolina,1,,0,0.0000000,2020-03-14 12:04 EDT,35.2414779,-80.8308055
Cabarrus,North Carolina,1,,0,0.0000000,2020-03-14 12:04 EDT,35.2372000,-80.5423000
Onslow,North Carolina,1,,0,0.0000000,2020-03-14 12:04 EDT,34.7334689,-77.4296641
Wayne,North Carolina,1,,0,0.0000000,2020-03-14 12:04 EDT,35.3637623,-78.0041603
Harnett,North Carolina,1,,0,0.0000000,2020-03-14 12:04 EDT,35.3411700,-78.7883700
Brunswick,North Carolina,1,,0,0.0000000,2020-03-14 12:04 EDT,34.0705938,-78.2374968
Clark,Nevada,16,,0,0.0000000,2020-03-14 12:04 EDT,36.2170997,-115.0246913
Washoe,Nevada,3,,0,0.0000000,2020-03-14 12:04 EDT,40.6869602,-119.6659910
Ormsby,Nevada,1,,0,0.0000000,2020-03-14 12:04 EDT,,
Fond du Lac,Wisconsin,6,,0,0.0000000,2020-03-14 12:04 EDT,43.7730200,-88.4470900
Dane,Wisconsin,5,,0,0.0000000,2020-03-14 12:04 EDT,43.2509000,-89.5182900
Sheboygan,Wisconsin,3,,0,0.0000000,2020-03-14 12:04 EDT,43.7497800,-87.7134300
Milwaukee,Wisconsin,2,,0,0.0000000,2020-03-14 12:04 EDT,43.0420000,-87.9068700
Pierce,Wisconsin,1,,0,0.0000000,2020-03-14 12:04 EDT,44.7227332,-92.4219232
Waukesha,Wisconsin,1,,0,0.0000000,2020-03-14 12:04 EDT,43.0145800,-88.2354800
Racine,Wisconsin,1,,0,0.0000000,2020-03-14 12:04 EDT,42.7256400,-87.7895500
Johnson,Iowa,14,,0,0.0000000,2020-03-14 12:04 EDT,41.6714957,-91.5880542
Pottawattamie,Iowa,1,,0,0.0000000,2020-03-14 12:04 EDT,41.3366584,-95.5414196
Carroll,Iowa,1,,0,0.0000000,2020-03-14 12:04 EDT,42.0658500,-94.8679300
Harrison,Iowa,1,,0,0.0000000,2020-03-14 12:04 EDT,41.6830140,-95.8155240
Marion,Indiana,3,,0,0.0000000,2020-03-14 12:04 EDT,39.7817436,-86.1384149
Johnson,Indiana,3,,0,0.0000000,2020-03-14 12:04 EDT,39.4899822,-86.1016083
Hendricks,Indiana,2,,0,0.0000000,2020-03-14 12:04 EDT,39.4838330,-86.0686510
Noble,Indiana,1,,0,0.0000000,2020-03-14 12:04 EDT,41.3985825,-85.4174388
Adams,Indiana,1,,0,0.0000000,2020-03-14 12:04 EDT,40.7456507,-84.9366342
Boone,Indiana,1,,0,0.0000000,2020-03-14 12:04 EDT,40.0507449,-86.4686988
Howard,Indiana,1,,0,0.0000000,2020-03-14 12:04 EDT,40.4835961,-86.1168603
St. Joseph,Indiana,1,,0,0.0000000,2020-03-14 12:04 EDT,41.6167201,-86.2899112
Hancock,Indiana,1,,0,0.0000000,2020-03-14 12:04 EDT,,
Wells,Indiana,1,,0,0.0000000,2020-03-14 12:04 EDT,40.7291949,-85.2212160
LaPorte,Indiana,1,,0,0.0000000,2020-03-14 12:04 EDT,41.6106000,-86.7225200
Unassigned,Rhode Island,9,,0,0.0000000,2020-03-14 12:04 EDT,,
Providence,Rhode Island,3,,0,0.0000000,2020-03-14 12:04 EDT,41.8238700,-71.4119900
RI,Rhode Island,2,,0,0.0000000,2020-03-14 12:04 EDT,,
Unassigned,Minnesota,4,,0,0.0000000,2020-03-14 12:04 EDT,,
Ramsey,Minnesota,3,,0,0.0000000,2020-03-14 12:04 EDT,45.0181224,-93.0996168
Carver,Minnesota,1,,0,0.0000000,2020-03-14 12:04 EDT,44.7632500,-93.6252400
Anoka,Minnesota,1,,0,0.0000000,2020-03-14 12:04 EDT,45.1983300,-93.3899700
Olmsted,Minnesota,1,,0,0.0000000,2020-03-14 12:04 EDT,44.0037994,-92.4018182
Dakota,Minnesota,1,,0,0.0000000,2020-03-14 12:04 EDT,44.6709807,-93.0666777
Stearns,Minnesota,1,,0,0.0000000,2020-03-14 12:04 EDT,45.5520968,-94.6137567
Hennepin,Minnesota,1,,0,0.0000000,2020-03-14 12:04 EDT,45.0057578,-93.4749321
Wright,Minnesota,1,,0,0.0000000,2020-03-14 12:04 EDT,45.1734420,-93.9635579
Harrison,Kentucky,5,,0,0.0000000,2020-03-14 12:04 EDT,38.4417404,-84.3314045
Fayette,Kentucky,3,,0,0.0000000,2020-03-14 12:04 EDT,38.0422722,-84.4586867
Jefferson,Kentucky,2,,0,0.0000000,2020-03-14 12:04 EDT,38.1858902,-85.6549948
Montgomery,Kentucky,2,,0,0.0000000,2020-03-14 12:04 EDT,38.0334716,-83.9130299
Unassigned,Kentucky,2,,0,0.0000000,2020-03-14 12:04 EDT,37.6681400,-84.6700670
Douglas,Nebraska,12,,0,0.0000000,2020-03-14 12:04 EDT,41.2953516,-96.1553341
Knox,Nebraska,1,,0,0.0000000,2020-03-14 12:04 EDT,42.6316546,-97.8946364
Cass,Nebraska,1,,0,0.0000000,2020-03-14 12:04 EDT,40.9097579,-96.1413609
Cuyahoga,Ohio,6,,0,0.0000000,2020-03-14 12:04 EDT,41.4244148,-81.6585817
Stark,Ohio,2,,0,0.0000000,2020-03-14 12:04 EDT,40.8139096,-81.3656565
Belmont,Ohio,2,,0,0.0000000,2020-03-14 12:04 EDT,40.0295500,-81.0389100
Trumbull,Ohio,1,,0,0.0000000,2020-03-14 12:04 EDT,41.3170671,-80.7611827
Bulter,Ohio,1,,0,0.0000000,2020-03-14 12:04 EDT,,
Summit,Ohio,1,,0,0.0000000,2020-03-14 12:04 EDT,41.1259157,-81.5321883
Franklin,Ohio,1,,0,0.0000000,2020-03-14 12:04 EDT,39.9694713,-83.0093307
Kershaw,South Carolina,5,,0,0.0000000,2020-03-14 12:04 EDT,34.3389221,-80.5902960
Camden,South Carolina,4,,0,0.0000000,2020-03-14 12:04 EDT,,
Charleston,South Carolina,1,,0,0.0000000,2020-03-14 12:04 EDT,32.7811500,-79.9316000
Spartanburg,South Carolina,1,,0,0.0000000,2020-03-14 12:04 EDT,34.9483800,-81.9349400
Lancaster,South Carolina,1,,0,0.0000000,2020-03-14 12:04 EDT,34.7209600,-80.7711200
Fairfield,Connecticut,8,,0,0.0000000,2020-03-14 12:04 EDT,41.1663300,-73.2287600
Litchfield,Connecticut,3,,0,0.0000000,2020-03-14 12:04 EDT,41.7462600,-73.1889500
Hartford,Connecticut,1,,0,0.0000000,2020-03-14 12:04 EDT,41.7637500,-72.6739400
Pinal,Arizona,5,,0,0.0000000,2020-03-14 12:04 EDT,32.9043197,-111.3447647
Maricopa,Arizona,3,,0,0.0000000,2020-03-14 12:04 EDT,33.3488247,-112.4912788
Pima,Arizona,2,,0,0.0000000,2020-03-14 12:04 EDT,32.0972712,-111.7897671
Graham,Arizona,1,,0,0.0000000,2020-03-14 12:04 EDT,32.8744900,-109.7419800
Washington,District of Columbia,10,,0,0.0000000,2020-03-14 12:04 EDT,38.8903700,-77.0319600
Bernalillo,New Mexico,5,,0,0.0000000,2020-03-14 12:04 EDT,35.0512846,-106.6703125
Santa Fe,New Mexico,3,,0,0.0000000,2020-03-14 12:04 EDT,35.6916800,-105.9379600
Socorro,New Mexico,2,,0,0.0000000,2020-03-14 12:04 EDT,34.0601400,-106.8918700
Summit,Utah,4,,0,0.0000000,2020-03-14 12:04 EDT,40.8680986,-110.9558464
Unassigned,Utah,2,,0,0.0000000,2020-03-14 12:04 EDT,,
Davis,Utah,1,,0,0.0000000,2020-03-14 12:04 EDT,40.9997362,-111.9800051
Weber,Utah,1,,0,0.0000000,2020-03-14 12:04 EDT,,
Salt Lake,Utah,1,,0,0.0000000,2020-03-14 12:04 EDT,40.7603100,-111.8882200
Minnehaha,South Dakota,3,,0,0.0000000,2020-03-14 12:04 EDT,43.6741776,-96.7914246
Pennington,South Dakota,1,,1,1.0000000,2020-03-14 12:04 EDT,44.0037450,-102.8239008
Beadle,South Dakota,1,,0,0.0000000,2020-03-14 12:04 EDT,44.4144846,-98.2781099
Charles Mix,South Dakota,1,,0,0.0000000,2020-03-14 12:04 EDT,43.2074746,-98.5766704
Davidson,South Dakota,1,,0,0.0000000,2020-03-14 12:04 EDT,,
Bon Homme,South Dakota,1,,0,0.0000000,2020-03-14 12:04 EDT,42.9933604,-97.8866697
McCook,South Dakota,1,,0,0.0000000,2020-03-14 12:04 EDT,43.6743065,-97.3684216
Unassigned,Arkansas,9,,0,0.0000000,2020-03-14 12:04 EDT,34.9697040,-92.3731230
Rockingham,New Hampshire,4,,0,0.0000000,2020-03-14 12:04 EDT,43.0495400,-70.9321600
Grafton,New Hampshire,3,,0,0.0000000,2020-03-14 12:04 EDT,43.5621200,-71.9511400
Johnson,Kansas,4,,0,0.0000000,2020-03-14 12:04 EDT,38.8837729,-94.8222252
Wyandotte,Kansas,1,,1,1.0000000,2020-03-14 12:04 EDT,39.1140701,-94.7652427
Sedgwick,Kansas,1,,0,0.0000000,2020-03-14 12:04 EDT,37.6847605,-97.4609470
Forrest,Mississippi,3,,0,0.0000000,2020-03-14 12:04 EDT,31.1888395,-89.2578348
Leflore,Mississippi,1,,0,0.0000000,2020-03-14 12:04 EDT,33.5505280,-90.3010654
Pearl River,Mississippi,1,,0,0.0000000,2020-03-14 12:04 EDT,30.7685434,-89.5897574
Copiah,Mississippi,1,,0,0.0000000,2020-03-14 12:04 EDT,31.8693204,-90.4488597
Montgomery,Alabama,1,,0,0.0000000,2020-03-14 12:04 EDT,32.3801500,-86.3000800
Jefferson,Alabama,1,,0,0.0000000,2020-03-14 12:04 EDT,33.5542737,-86.8964891
Elmore,Alabama,1,,0,0.0000000,2020-03-14 12:04 EDT,32.5416500,-86.3109300
Tuscaloosa,Alabama,1,,0,0.0000000,2020-03-14 12:04 EDT,33.2104200,-87.5662500
Limestone,Alabama,1,,0,0.0000000,2020-03-14 12:04 EDT,34.8148920,-86.9772846
Unassigned,Alabama,1,,0,0.0000000,2020-03-14 12:04 EDT,,
Unassigned,Montana,1,,0,0.0000000,2020-03-14 12:04 EDT,46.9219250,-110.4543530
Gallatin,Montana,1,,0,0.0000000,2020-03-14 12:04 EDT,45.5404518,-111.1704109
Yellowstone,Montana,1,,0,0.0000000,2020-03-14 12:04 EDT,45.9371163,-108.2743481
Silver Bow,Montana,1,,0,0.0000000,2020-03-14 12:04 EDT,45.9954400,-112.6566100
Lewis and Clark,Montana,1,,0,0.0000000,2020-03-14 12:04 EDT,,
Tulsa,Oklahoma,2,,0,0.0000000,2020-03-14 12:04 EDT,36.1501100,-95.9935200
Jackson,Oklahoma,1,,0,0.0000000,2020-03-14 12:04 EDT,34.5866254,-99.4160473
Oklahoma,Oklahoma,1,,0,0.0000000,2020-03-14 12:04 EDT,35.5826840,-97.5085994
St. Louis,Missouri,2,,0,0.0000000,2020-03-14 12:04 EDT,38.6277500,-90.1995600
Greene,Missouri,1,,0,0.0000000,2020-03-14 12:04 EDT,37.2580403,-93.3420185
Unassigned,Missouri,1,,0,0.0000000,2020-03-14 12:04 EDT,38.4560850,-92.2883680
New Castle,Delaware,4,,0,0.0000000,2020-03-14 12:04 EDT,39.6597700,-75.5639400
Honolulu,Hawaii,2,,0,0.0000000,2020-03-14 12:04 EDT,21.3049300,-157.8578800
Kauai,Hawaii,1,,0,0.0000000,2020-03-14 12:04 EDT,22.0825024,-159.7275965
Unassigned,Maine,2,,0,0.0000000,2020-03-14 12:04 EDT,44.6939470,-69.3819270
Androscoggin,Maine,1,,0,0.0000000,2020-03-14 12:04 EDT,44.1658761,-70.2064586
Puerto Rico,Puerto Rico,3,,0,0.0000000,2020-03-14 12:04 EDT,18.2226065,-66.4689534
Bennington,Vermont,1,,0,0.0000000,2020-03-14 12:04 EDT,42.8767200,-73.1981800
Chittenden,Vermont,1,,0,0.0000000,2020-03-14 12:04 EDT,44.4579951,-73.0540497
Sheridan,Wyoming,1,,0,0.0000000,2020-03-14 12:04 EDT,44.7979200,-106.9558700
Fremont,Wyoming,1,,0,0.0000000,2020-03-14 12:04 EDT,43.0405186,-108.6304974
Ward,North Dakota,1,,0,0.0000000,2020-03-14 12:04 EDT,48.2216809,-101.5418179
Anchorage,Alaska,1,,0,0.0000000,2020-03-14 12:04 EDT,61.2175300,-149.8582500
Ada,Idaho,1,,0,0.0000000,2020-03-14 12:04 EDT,43.4510569,-116.2411338
