County_Name,State_Name,Confirmed,New,Death,Fatality_Rate,Latitude,Longitude,Last_Update
New York,New York,463,194,9,0.0194384,40.7145500,-74.0071400,2020-03-16 21:26 UTC
Westchester,New York,220,42,0,0.0000000,41.1631976,-73.7560629,2020-03-16 21:26 UTC
Nassau,New York,109,30,0,0.0000000,40.7416523,-73.5889962,2020-03-16 21:26 UTC
Suffolk,New York,74,33,4,0.0540541,40.8773281,-72.8589804,2020-03-16 21:26 UTC
Rockland,New York,16,4,1,0.0625000,41.1523740,-74.0240103,2020-03-16 21:26 UTC
Albany,New York,15,4,0,0.0000000,42.6515500,-73.7552100,2020-03-16 21:26 UTC
Monroe,New York,11,9,0,0.0000000,43.1460428,-77.6967491,2020-03-16 21:26 UTC
Orange,New York,11,5,0,0.0000000,41.4020682,-74.3055957,2020-03-16 21:26 UTC
Dutchess,New York,10,6,0,0.0000000,41.7647751,-73.7428168,2020-03-16 21:26 UTC
Ulster,New York,7,2,0,0.0000000,41.9598600,-73.9903300,2020-03-16 21:26 UTC
Erie,New York,7,4,0,0.0000000,42.7638212,-78.7322497,2020-03-16 21:26 UTC
Saratoga,New York,5,2,0,0.0000000,43.0697400,-73.6366100,2020-03-16 21:26 UTC
Schenectady,New York,4,3,0,0.0000000,42.8123800,-73.9412200,2020-03-16 21:26 UTC
Tompkins,New York,2,1,0,0.0000000,42.4493350,-76.4706436,2020-03-16 21:26 UTC
Putnam,New York,2,2,0,0.0000000,41.4265345,-73.7494999,2020-03-16 21:26 UTC
Greene,New York,2,2,0,0.0000000,42.2765457,-74.1226159,2020-03-16 21:26 UTC
Allegany,New York,2,2,0,0.0000000,42.2573979,-78.0275544,2020-03-16 21:26 UTC
Delaware,New York,1,0,0,0.0000000,42.1980433,-74.9663520,2020-03-16 21:26 UTC
Herkimer,New York,1,0,0,0.0000000,43.0259000,-74.9843300,2020-03-16 21:26 UTC
Broome,New York,1,0,0,0.0000000,42.1602180,-75.8196459,2020-03-16 21:26 UTC
Tioga,New York,1,0,0,0.0000000,42.0605700,-76.3451900,2020-03-16 21:26 UTC
Montgomery,New York,1,1,0,0.0000000,42.9022918,-74.4396009,2020-03-16 21:26 UTC
Onondaga,New York,1,1,0,0.0000000,43.0048700,-76.1836000,2020-03-16 21:26 UTC
Ontario,New York,1,1,0,0.0000000,42.8528894,-77.2998110,2020-03-16 21:26 UTC
King,Washington,420,33,37,0.0880952,47.4901181,-121.8043324,2020-03-16 21:26 UTC
Snohomish,Washington,200,46,4,0.0200000,47.9124000,-122.0930600,2020-03-16 21:26 UTC
Pierce,Washington,29,3,0,0.0000000,47.0227081,-122.1014408,2020-03-16 21:26 UTC
Island,Washington,6,0,0,0.0000000,48.1916094,-122.6650075,2020-03-16 21:26 UTC
Clark,Washington,4,1,0,0.0000000,45.7818733,-122.4812785,2020-03-16 21:26 UTC
Skagit,Washington,4,0,0,0.0000000,48.4793302,-121.7280802,2020-03-16 21:26 UTC
Yakima,Washington,4,0,0,0.0000000,46.6044800,-120.5072100,2020-03-16 21:26 UTC
Grant,Washington,3,1,1,0.3333333,47.1988579,-119.4525987,2020-03-16 21:26 UTC
Jefferson,Washington,3,2,0,0.0000000,47.7481061,-123.6000095,2020-03-16 21:26 UTC
Kittitas,Washington,3,0,0,0.0000000,46.9847200,-120.4175200,2020-03-16 21:26 UTC
Kitsap,Washington,3,0,0,0.0000000,47.4749622,-122.6085325,2020-03-16 21:26 UTC
Whatcom,Washington,3,1,0,0.0000000,48.8255970,-121.7174182,2020-03-16 21:26 UTC
Thurston,Washington,3,0,0,0.0000000,46.9198058,-122.8298691,2020-03-16 21:26 UTC
Spokane,Washington,3,0,0,0.0000000,47.6572600,-117.4122800,2020-03-16 21:26 UTC
Grays Harbor,Washington,1,0,0,0.0000000,47.1505523,-123.7737432,2020-03-16 21:26 UTC
Columbia,Washington,1,0,0,0.0000000,46.2975768,-117.9078634,2020-03-16 21:26 UTC
Lincoln,Washington,1,1,0,0.0000000,47.5730506,-118.4177041,2020-03-16 21:26 UTC
Cowlitz,Washington,1,1,0,0.0000000,46.1945405,-122.6783272,2020-03-16 21:26 UTC
Santa Clara,California,138,24,2,0.0144928,37.3557900,-121.9550900,2020-03-16 21:26 UTC
Los Angeles,California,94,25,1,0.0106383,34.0534900,-118.2453200,2020-03-16 21:26 UTC
San Mateo,California,41,9,1,0.0243902,37.5470400,-122.3148500,2020-03-16 21:26 UTC
San Francisco,California,40,3,0,0.0000000,37.7771200,-122.4196400,2020-03-16 21:26 UTC
San Diego,California,35,19,0,0.0000000,32.7156800,-117.1617100,2020-03-16 21:26 UTC
Sacramento,California,32,3,1,0.0312500,38.5794400,-121.4908500,2020-03-16 21:26 UTC
Contra Costa,California,29,0,0,0.0000000,37.9179373,-121.9259354,2020-03-16 21:26 UTC
Alameda,California,18,7,0,0.0000000,37.7668300,-122.2453000,2020-03-16 21:26 UTC
Orange,California,17,3,0,0.0000000,33.7878700,-117.8507100,2020-03-16 21:26 UTC
Riverside,California,15,1,0,0.0000000,33.9817100,-117.3740400,2020-03-16 21:26 UTC
Santa Cruz,California,9,2,0,0.0000000,36.9742400,-122.0309800,2020-03-16 21:26 UTC
Marin,California,9,4,0,0.0000000,38.0718873,-122.7195348,2020-03-16 21:26 UTC
San Joaquin,California,8,0,0,0.0000000,37.9347956,-121.2713112,2020-03-16 21:26 UTC
Solano,California,7,1,0,0.0000000,38.2779336,-121.9272405,2020-03-16 21:26 UTC
Sonoma,California,5,1,0,0.0000000,38.2918800,-122.4572800,2020-03-16 21:26 UTC
Placer,California,5,0,1,0.2000000,39.0591356,-120.7536328,2020-03-16 21:26 UTC
Ventura,California,4,-1,0,0.0000000,34.2808200,-119.2923200,2020-03-16 21:26 UTC
San Benito,California,3,0,0,0.0000000,36.5050600,-121.0833200,2020-03-16 21:26 UTC
Stanislaus,California,3,1,0,0.0000000,37.5593262,-120.9976619,2020-03-16 21:26 UTC
San Luis Obispo,California,3,2,0,0.0000000,35.2857900,-120.6627500,2020-03-16 21:26 UTC
Yolo,California,2,0,0,0.0000000,38.7343100,-121.8127900,2020-03-16 21:26 UTC
Fresno,California,2,1,0,0.0000000,36.7408400,-119.7855200,2020-03-16 21:26 UTC
Calaveras,California,2,0,0,0.0000000,38.2047357,-120.5540655,2020-03-16 21:26 UTC
Tulare,California,2,0,0,0.0000000,36.2064900,-119.3430500,2020-03-16 21:26 UTC
Imperial,California,2,0,0,0.0000000,32.8474800,-115.5695200,2020-03-16 21:26 UTC
Humboldt,California,1,0,0,0.0000000,40.6987980,-123.8737147,2020-03-16 21:26 UTC
Madera,California,1,0,0,0.0000000,36.9620500,-120.0639900,2020-03-16 21:26 UTC
Shasta,California,1,0,0,0.0000000,40.5982800,-122.4909500,2020-03-16 21:26 UTC
San Bernardino,California,1,1,0,0.0000000,34.1052400,-117.2941200,2020-03-16 21:26 UTC
Santa Barbara,California,1,1,0,0.0000000,34.4193800,-119.6990500,2020-03-16 21:26 UTC
Middlesex,Massachusetts,83,18,0,0.0000000,42.4855941,-71.3917913,2020-03-16 21:26 UTC
Suffolk,Massachusetts,36,9,0,0.0000000,42.3318916,-71.0753743,2020-03-16 21:26 UTC
Norfolk,Massachusetts,36,8,0,0.0000000,42.1194100,-71.3308300,2020-03-16 21:26 UTC
Berkshire,Massachusetts,11,2,0,0.0000000,42.5110500,-73.1942600,2020-03-16 21:26 UTC
Essex,Massachusetts,8,3,0,0.0000000,42.6325100,-70.7811300,2020-03-16 21:26 UTC
Worcester,Massachusetts,6,4,0,0.0000000,42.2634100,-71.8021900,2020-03-16 21:26 UTC
Plymouth,Massachusetts,3,3,0,0.0000000,41.9280800,-70.6568000,2020-03-16 21:26 UTC
Bristol,Massachusetts,2,1,0,0.0000000,41.7983696,-71.1142812,2020-03-16 21:26 UTC
Barnstable,Massachusetts,1,0,0,0.0000000,41.7019400,-70.3044200,2020-03-16 21:26 UTC
Hampden,Massachusetts,1,1,0,0.0000000,42.0636300,-72.4164500,2020-03-16 21:26 UTC
Bergen,New Jersey,61,32,1,0.0163934,40.9594915,-74.0744420,2020-03-16 21:26 UTC
Essex,New Jersey,20,9,0,0.0000000,40.7877926,-74.2476006,2020-03-16 21:26 UTC
Hudson,New Jersey,19,8,0,0.0000000,40.7403423,-74.0741097,2020-03-16 21:26 UTC
Middlesex,New Jersey,17,6,0,0.0000000,40.5793600,-74.5006700,2020-03-16 21:26 UTC
Monmouth,New Jersey,14,2,1,0.0714286,40.2600411,-74.2219463,2020-03-16 21:26 UTC
Passaic,New Jersey,8,3,0,0.0000000,40.8603400,-74.1237400,2020-03-16 21:26 UTC
Union,New Jersey,8,4,0,0.0000000,40.6963500,-74.2695700,2020-03-16 21:26 UTC
Morris,New Jersey,6,2,0,0.0000000,40.8620190,-74.5442741,2020-03-16 21:26 UTC
Mercer,New Jersey,6,5,0,0.0000000,40.2833191,-74.7015737,2020-03-16 21:26 UTC
Burlington,New Jersey,5,1,0,0.0000000,40.0768700,-74.8577500,2020-03-16 21:26 UTC
Somerset,New Jersey,5,4,0,0.0000000,40.4985900,-74.5224900,2020-03-16 21:26 UTC
Camden,New Jersey,3,1,0,0.0000000,39.9452500,-75.1191300,2020-03-16 21:26 UTC
Ocean,New Jersey,3,1,0,0.0000000,39.9092743,-74.2969653,2020-03-16 21:26 UTC
Hunterdon,New Jersey,1,0,0,0.0000000,40.5672532,-74.9121792,2020-03-16 21:26 UTC
Broward,Florida,36,0,0,0.0000000,26.1522454,-80.4870534,2020-03-16 21:26 UTC
Non-Florida-Resident,Florida,13,4,0,0.0000000,-25.3513857,-57.5049392,2020-03-16 21:26 UTC
Miami-Dade,Florida,13,0,0,0.0000000,25.6141821,-80.5679083,2020-03-16 21:26 UTC
Outside-Florida,Florida,6,0,1,0.1666667,28.5660449,-81.6886488,2020-03-16 21:26 UTC
Lee,Florida,5,0,2,0.4000000,26.5796516,-81.8246853,2020-03-16 21:26 UTC
Volusia,Florida,5,0,0,0.0000000,29.1693400,-81.5225100,2020-03-16 21:26 UTC
Collier,Florida,5,0,0,0.0000000,26.1162556,-81.3401333,2020-03-16 21:26 UTC
Palm Beach,Florida,5,0,0,0.0000000,26.7028800,-80.0366100,2020-03-16 21:26 UTC
Manatee,Florida,4,0,0,0.0000000,27.4964300,-82.5395400,2020-03-16 21:26 UTC
Hillsborough,Florida,4,0,0,0.0000000,27.9302310,-82.3078553,2020-03-16 21:26 UTC
Duval,Florida,4,0,0,0.0000000,30.4784400,-81.6255700,2020-03-16 21:26 UTC
Clay,Florida,3,0,0,0.0000000,29.9830552,-81.8577821,2020-03-16 21:26 UTC
Pinellas,Florida,2,0,0,0.0000000,27.9313392,-82.7219403,2020-03-16 21:26 UTC
Pasco,Florida,2,0,0,0.0000000,28.3245300,-82.3362400,2020-03-16 21:26 UTC
Orange,Florida,2,0,0,0.0000000,41.3314100,-74.3566700,2020-03-16 21:26 UTC
Santa Rosa,Florida,1,0,1,1.0000000,30.7314761,-87.0176139,2020-03-16 21:26 UTC
Charlotte,Florida,1,0,0,0.0000000,26.9084833,-81.9034392,2020-03-16 21:26 UTC
Okaloosa,Florida,1,0,0,0.0000000,30.7070235,-86.5965082,2020-03-16 21:26 UTC
Nassau,Florida,1,0,0,0.0000000,30.6107767,-81.8017400,2020-03-16 21:26 UTC
Seminole,Florida,1,0,0,0.0000000,28.7170014,-81.2363226,2020-03-16 21:26 UTC
Alachua,Florida,1,0,0,0.0000000,29.7930900,-82.4942800,2020-03-16 21:26 UTC
Osceola,Florida,1,0,0,0.0000000,28.0681258,-81.1451965,2020-03-16 21:26 UTC
Sarasota,Florida,1,0,0,0.0000000,27.3388900,-82.5388700,2020-03-16 21:26 UTC
Citrus,Florida,1,0,0,0.0000000,28.8507789,-82.4659487,2020-03-16 21:26 UTC
St. Johns,Florida,1,0,0,0.0000000,30.1205100,-81.6253600,2020-03-16 21:26 UTC
Denver,Colorado,25,4,0,0.0000000,39.7400100,-104.9920200,2020-03-16 21:26 UTC
Eagle,Colorado,24,4,0,0.0000000,39.6556500,-106.8278800,2020-03-16 21:26 UTC
Arapahoe,Colorado,15,2,0,0.0000000,39.6497672,-104.3392044,2020-03-16 21:26 UTC
Jefferson,Colorado,12,3,0,0.0000000,39.5864316,-105.2504022,2020-03-16 21:26 UTC
Pitkin,Colorado,11,0,0,0.0000000,39.2171252,-106.9167355,2020-03-16 21:26 UTC
Douglas,Colorado,8,4,0,0.0000000,39.3296664,-104.9295706,2020-03-16 21:26 UTC
Gunnison,Colorado,8,2,0,0.0000000,38.5452600,-106.9269200,2020-03-16 21:26 UTC
Boulder,Colorado,7,4,0,0.0000000,40.0157400,-105.2792400,2020-03-16 21:26 UTC
Adams,Colorado,6,0,0,0.0000000,39.8737591,-104.3366349,2020-03-16 21:26 UTC
Weld,Colorado,5,0,0,0.0000000,40.5547727,-104.3924353,2020-03-16 21:26 UTC
El Paso,Colorado,4,1,1,0.2500000,38.8321269,-104.5255141,2020-03-16 21:26 UTC
Waiting on information,Colorado,2,2,0,0.0000000,38.9141437,-104.5001759,2020-03-16 21:26 UTC
Summit,Colorado,1,-1,0,0.0000000,39.6341694,-106.1163607,2020-03-16 21:26 UTC
Larimer,Colorado,1,0,0,0.0000000,40.6664525,-105.4609363,2020-03-16 21:26 UTC
Pueblo,Colorado,1,0,0,0.0000000,38.2637500,-104.6125200,2020-03-16 21:26 UTC
Routt,Colorado,1,0,0,0.0000000,40.4849979,-106.9912189,2020-03-16 21:26 UTC
Mesa,Colorado,1,0,0,0.0000000,39.1661600,-108.1388900,2020-03-16 21:26 UTC
Garfield,Colorado,1,1,0,0.0000000,39.5992265,-107.9040019,2020-03-16 21:26 UTC
Clear Creek,Colorado,1,1,0,0.0000000,39.6890531,-105.6443322,2020-03-16 21:26 UTC
Orleans,Louisiana,79,13,2,0.0253165,30.0384318,-89.9005515,2020-03-16 21:26 UTC
Jefferson,Louisiana,16,4,0,0.0000000,29.9596000,-90.1718200,2020-03-16 21:26 UTC
St. Tammany,Louisiana,5,3,0,0.0000000,30.3940800,-89.8950700,2020-03-16 21:26 UTC
Caddo,Louisiana,3,2,0,0.0000000,32.7563200,-93.9737400,2020-03-16 21:26 UTC
St. Charles,Louisiana,3,1,0,0.0000000,29.9052798,-90.3824403,2020-03-16 21:26 UTC
Terrebonne,Louisiana,3,2,0,0.0000000,29.4300667,-90.8754618,2020-03-16 21:26 UTC
Lafourche,Louisiana,2,1,0,0.0000000,29.7652900,-90.7688100,2020-03-16 21:26 UTC
Bossier,Louisiana,1,0,0,0.0000000,32.6788619,-93.6053107,2020-03-16 21:26 UTC
St. John the Baptist,Louisiana,1,0,0,0.0000000,30.0786650,-90.5454132,2020-03-16 21:26 UTC
St. Bernard,Louisiana,1,1,0,0.0000000,29.8671500,-89.8586800,2020-03-16 21:26 UTC
Fulton,Georgia,27,7,0,0.0000000,33.7902407,-84.4671100,2020-03-16 21:26 UTC
Cobb,Georgia,22,3,1,0.0454545,33.9414802,-84.5766374,2020-03-16 21:26 UTC
DeKalb,Georgia,10,0,0,0.0000000,33.7715373,-84.2264653,2020-03-16 21:26 UTC
Bartow,Georgia,9,0,0,0.0000000,34.2376440,-84.8407294,2020-03-16 21:26 UTC
Cherokee,Georgia,7,1,0,0.0000000,34.2439897,-84.4762441,2020-03-16 21:26 UTC
Dougherty,Georgia,6,0,0,0.0000000,31.5333249,-84.2162944,2020-03-16 21:26 UTC
Gwinnett,Georgia,5,1,0,0.0000000,33.9611888,-84.0235873,2020-03-16 21:26 UTC
Fayette,Georgia,5,0,0,0.0000000,33.4139091,-84.4942725,2020-03-16 21:26 UTC
Clayton,Georgia,5,3,0,0.0000000,33.5419730,-84.3576995,2020-03-16 21:26 UTC
Floyd,Georgia,4,0,0,0.0000000,34.2632424,-85.2145276,2020-03-16 21:26 UTC
Lowndes,Georgia,3,1,0,0.0000000,30.8336283,-83.2676955,2020-03-16 21:26 UTC
Clarke,Georgia,3,1,0,0.0000000,33.9511057,-83.3674122,2020-03-16 21:26 UTC
Lee,Georgia,2,0,0,0.0000000,31.7795972,-84.1408802,2020-03-16 21:26 UTC
Gordon,Georgia,2,0,0,0.0000000,34.5031965,-84.8758788,2020-03-16 21:26 UTC
Coweta,Georgia,2,0,0,0.0000000,33.3536027,-84.7633669,2020-03-16 21:26 UTC
Henry,Georgia,2,1,0,0.0000000,33.4530163,-84.1542628,2020-03-16 21:26 UTC
Polk,Georgia,1,0,0,0.0000000,34.0016881,-85.1881097,2020-03-16 21:26 UTC
Charlton,Georgia,1,0,0,0.0000000,30.7817109,-82.1377648,2020-03-16 21:26 UTC
Newton,Georgia,1,0,0,0.0000000,33.5550066,-83.8502182,2020-03-16 21:26 UTC
Troup,Georgia,1,1,0,0.0000000,33.0335189,-85.0282617,2020-03-16 21:26 UTC
Hall,Georgia,1,1,0,0.0000000,34.3204115,-83.8104354,2020-03-16 21:26 UTC
Paulding,Georgia,1,1,0,0.0000000,33.9204246,-84.8672012,2020-03-16 21:26 UTC
Cook,Illinois,61,11,0,0.0000000,41.8401493,-87.8168232,2020-03-16 21:26 UTC
Kane,Illinois,4,1,0,0.0000000,41.9388756,-88.4286393,2020-03-16 21:26 UTC
Lake,Illinois,4,1,0,0.0000000,42.3232765,-88.0035345,2020-03-16 21:26 UTC
St. Clair,Illinois,4,2,0,0.0000000,38.4699647,-89.9274997,2020-03-16 21:26 UTC
McHenry,Illinois,2,0,0,0.0000000,42.3262100,-88.2673100,2020-03-16 21:26 UTC
Sangamon,Illinois,2,0,0,0.0000000,39.7581579,-89.6588874,2020-03-16 21:26 UTC
DuPage,Illinois,1,0,0,0.0000000,41.8519405,-88.0856113,2020-03-16 21:26 UTC
Woodford,Illinois,1,0,0,0.0000000,40.8443700,-89.0278100,2020-03-16 21:26 UTC
Cumberland,Illinois,1,0,0,0.0000000,39.2733283,-88.2401682,2020-03-16 21:26 UTC
Champaign,Illinois,1,0,0,0.0000000,40.1142000,-88.2435000,2020-03-16 21:26 UTC
Dallas,Texas,19,5,0,0.0000000,32.7782200,-96.7951200,2020-03-16 21:26 UTC
Harris,Texas,13,2,0,0.0000000,29.8576280,-95.3931114,2020-03-16 21:26 UTC
Fort Bend,Texas,9,0,0,0.0000000,29.5274525,-95.7706508,2020-03-16 21:26 UTC
Collin,Texas,8,0,0,0.0000000,33.1968000,-96.8039300,2020-03-16 21:26 UTC
Travis,Texas,6,1,0,0.0000000,30.3346227,-97.7821898,2020-03-16 21:26 UTC
Tarrant,Texas,4,0,0,0.0000000,32.8173000,-97.0765500,2020-03-16 21:26 UTC
Montgomery,Texas,4,0,0,0.0000000,30.3886200,-95.6963300,2020-03-16 21:26 UTC
Smith,Texas,4,0,0,0.0000000,32.3750560,-95.2691026,2020-03-16 21:26 UTC
Bexar,Texas,3,0,0,0.0000000,29.4489207,-98.5200077,2020-03-16 21:26 UTC
El Paso,Texas,2,0,0,0.0000000,31.7591600,-106.4874900,2020-03-16 21:26 UTC
Bell,Texas,2,1,0,0.0000000,31.0376588,-97.4780738,2020-03-16 21:26 UTC
Brazoria,Texas,2,0,0,0.0000000,29.0497100,-95.5620000,2020-03-16 21:26 UTC
Gregg,Texas,1,0,0,0.0000000,32.4806246,-94.8169910,2020-03-16 21:26 UTC
Lavaca,Texas,1,0,0,0.0000000,29.3843289,-96.9301097,2020-03-16 21:26 UTC
Galveston,Texas,1,0,0,0.0000000,29.2953200,-94.8079100,2020-03-16 21:26 UTC
Hays,Texas,1,0,0,0.0000000,30.1181700,-97.8722200,2020-03-16 21:26 UTC
Matagorda,Texas,1,0,0,0.0000000,28.6912300,-95.9675500,2020-03-16 21:26 UTC
Denton,Texas,1,1,0,0.0000000,33.2165900,-97.1316200,2020-03-16 21:26 UTC
Montgomery,Pennsylvania,30,6,0,0.0000000,40.2108942,-75.3673638,2020-03-16 21:26 UTC
Monroe,Pennsylvania,8,2,0,0.0000000,41.0581159,-75.3393979,2020-03-16 21:26 UTC
Philadelphia,Pennsylvania,8,0,0,0.0000000,39.9522200,-75.1621800,2020-03-16 21:26 UTC
Delaware,Pennsylvania,7,0,0,0.0000000,39.9167251,-75.3989856,2020-03-16 21:26 UTC
Allegheny,Pennsylvania,6,2,0,0.0000000,40.4508200,-80.0161500,2020-03-16 21:26 UTC
Bucks,Pennsylvania,5,1,0,0.0000000,40.3369404,-75.1067941,2020-03-16 21:26 UTC
Cumberland,Pennsylvania,5,0,0,0.0000000,40.1636766,-77.2653807,2020-03-16 21:26 UTC
Chester,Pennsylvania,2,0,0,0.0000000,39.9732037,-75.7484515,2020-03-16 21:26 UTC
Wayne,Pennsylvania,1,0,0,0.0000000,41.6487880,-75.3032486,2020-03-16 21:26 UTC
Northampton,Pennsylvania,1,0,0,0.0000000,40.6836000,-75.4910800,2020-03-16 21:26 UTC
Pike,Pennsylvania,1,0,0,0.0000000,41.3320250,-75.0338235,2020-03-16 21:26 UTC
Washington,Pennsylvania,1,0,0,0.0000000,40.1675200,-80.2464800,2020-03-16 21:26 UTC
Lehigh,Pennsylvania,1,0,0,0.0000000,40.6126567,-75.5923206,2020-03-16 21:26 UTC
Luzerne,Pennsylvania,1,0,0,0.0000000,41.2866900,-75.9027200,2020-03-16 21:26 UTC
Hennepin,Minnesota,22,10,0,0.0000000,45.0057578,-93.4749321,2020-03-16 21:26 UTC
Ramsey,Minnesota,10,2,0,0.0000000,45.0181224,-93.0996168,2020-03-16 21:26 UTC
Dakota,Minnesota,5,2,0,0.0000000,44.6709807,-93.0666777,2020-03-16 21:26 UTC
Anoka,Minnesota,3,1,0,0.0000000,45.1983300,-93.3899700,2020-03-16 21:26 UTC
Olmsted,Minnesota,3,1,0,0.0000000,44.0037994,-92.4018182,2020-03-16 21:26 UTC
Stearns,Minnesota,3,0,0,0.0000000,45.5520968,-94.6137567,2020-03-16 21:26 UTC
Washington,Minnesota,2,1,0,0.0000000,45.0411011,-92.8833786,2020-03-16 21:26 UTC
Carver,Minnesota,1,0,0,0.0000000,44.7632500,-93.6252400,2020-03-16 21:26 UTC
Wright,Minnesota,1,0,0,0.0000000,45.1734420,-93.9635579,2020-03-16 21:26 UTC
Renville,Minnesota,1,0,0,0.0000000,44.7892100,-95.2124300,2020-03-16 21:26 UTC
Waseca,Minnesota,1,0,0,0.0000000,44.0780400,-93.5074200,2020-03-16 21:26 UTC
Oakland,Michigan,14,5,0,0.0000000,42.7421400,-83.1617400,2020-03-16 21:26 UTC
Wayne,Michigan,13,5,0,0.0000000,42.2851500,-83.3836000,2020-03-16 21:26 UTC
Washtenaw,Michigan,7,3,0,0.0000000,42.2532294,-83.8387763,2020-03-16 21:26 UTC
Kent,Michigan,5,2,0,0.0000000,43.0321620,-85.5492982,2020-03-16 21:26 UTC
Macomb,Michigan,5,3,0,0.0000000,42.6956500,-82.9217100,2020-03-16 21:26 UTC
St. Clair,Michigan,1,0,0,0.0000000,42.8318900,-82.5022100,2020-03-16 21:26 UTC
Ingham,Michigan,1,0,0,0.0000000,42.5970924,-84.3735342,2020-03-16 21:26 UTC
Montcalm,Michigan,1,0,0,0.0000000,43.3109547,-85.1525018,2020-03-16 21:26 UTC
Bay,Michigan,1,0,0,0.0000000,43.7073289,-83.9920371,2020-03-16 21:26 UTC
Charlevoix,Michigan,1,0,0,0.0000000,45.3165300,-85.2607200,2020-03-16 21:26 UTC
Monroe,Michigan,1,0,0,0.0000000,41.9160600,-83.3979000,2020-03-16 21:26 UTC
Ottawa,Michigan,1,1,0,0.0000000,42.9607123,-85.9951657,2020-03-16 21:26 UTC
Clair,Michigan,1,1,0,0.0000000,,,2020-03-16 21:26 UTC
Davidson,Tennessee,25,8,0,0.0000000,36.1695608,-86.7847568,2020-03-16 21:26 UTC
Williamson,Tennessee,18,4,0,0.0000000,35.8938267,-86.8986396,2020-03-16 21:26 UTC
Shelby,Tennessee,2,0,0,0.0000000,31.9565600,-94.3182600,2020-03-16 21:26 UTC
Sullivan,Tennessee,1,0,0,0.0000000,36.5128018,-82.3044950,2020-03-16 21:26 UTC
Knox,Tennessee,1,0,0,0.0000000,35.9956069,-83.9346520,2020-03-16 21:26 UTC
Hamilton,Tennessee,1,0,0,0.0000000,35.1793204,-85.1668414,2020-03-16 21:26 UTC
Jefferson,Tennessee,1,0,0,0.0000000,36.0571754,-83.4517945,2020-03-16 21:26 UTC
Rutherford,Tennessee,1,0,0,0.0000000,35.8427433,-86.4167525,2020-03-16 21:26 UTC
Campbell,Tennessee,1,0,0,0.0000000,36.4034563,-84.1493609,2020-03-16 21:26 UTC
Cuyahoga,Ohio,24,10,0,0.0000000,41.4244148,-81.6585817,2020-03-16 21:26 UTC
Butler,Ohio,6,0,0,0.0000000,39.4386384,-84.5761677,2020-03-16 21:26 UTC
Stark,Ohio,3,0,0,0.0000000,40.8139096,-81.3656565,2020-03-16 21:26 UTC
Franklin,Ohio,3,0,0,0.0000000,39.9694713,-83.0093307,2020-03-16 21:26 UTC
Lorain,Ohio,3,1,0,0.0000000,41.4682000,-82.1781500,2020-03-16 21:26 UTC
Trumbull,Ohio,2,0,0,0.0000000,41.3170671,-80.7611827,2020-03-16 21:26 UTC
Belmont,Ohio,2,0,0,0.0000000,40.0295500,-81.0389100,2020-03-16 21:26 UTC
Summit,Ohio,2,0,0,0.0000000,41.1259157,-81.5321883,2020-03-16 21:26 UTC
Medina,Ohio,2,1,0,0.0000000,41.1404200,-81.8640200,2020-03-16 21:26 UTC
Lucas,Ohio,1,0,0,0.0000000,41.6198584,-83.6597766,2020-03-16 21:26 UTC
Tuscarawas,Ohio,1,0,0,0.0000000,40.3975800,-81.4072700,2020-03-16 21:26 UTC
Geauga,Ohio,1,1,0,0.0000000,41.4995451,-81.1785838,2020-03-16 21:26 UTC
Fairfax,Virginia,10,0,0,0.0000000,38.8417900,-77.3088700,2020-03-16 21:26 UTC
Arlington,Virginia,9,1,0,0.0000000,38.8905000,-77.0862900,2020-03-16 21:26 UTC
James City,Virginia,8,0,1,0.1250000,37.3132739,-76.7733526,2020-03-16 21:26 UTC
Loudoun,Virginia,5,0,0,0.0000000,39.0906991,-77.6356479,2020-03-16 21:26 UTC
Virginia Beach City,Virginia,4,0,0,0.0000000,36.7481787,-76.0574891,2020-03-16 21:26 UTC
Prince William,Virginia,3,0,0,0.0000000,38.7024474,-77.4800235,2020-03-16 21:26 UTC
Alexandria City,Virginia,2,0,0,0.0000000,38.8183862,-77.0862296,2020-03-16 21:26 UTC
Chesterfield,Virginia,2,1,0,0.0000000,37.3775600,-77.5081700,2020-03-16 21:26 UTC
Spotsylvania,Virginia,1,0,0,0.0000000,38.2017400,-77.5885500,2020-03-16 21:26 UTC
Hanover,Virginia,1,0,0,0.0000000,37.7688100,-77.3710900,2020-03-16 21:26 UTC
Prince Edward,Virginia,1,0,0,0.0000000,37.2242974,-78.4410565,2020-03-16 21:26 UTC
Harrisonburg,Virginia,1,0,0,0.0000000,38.4516300,-78.8697000,2020-03-16 21:26 UTC
Charlottesville City,Virginia,1,1,0,0.0000000,38.0373133,-78.4870211,2020-03-16 21:26 UTC
Milwaukee,Wisconsin,13,7,0,0.0000000,43.0420000,-87.9068700,2020-03-16 21:26 UTC
Fond du Lac,Wisconsin,11,0,0,0.0000000,43.7730200,-88.4470900,2020-03-16 21:26 UTC
Dane,Wisconsin,10,4,0,0.0000000,43.2509000,-89.5182900,2020-03-16 21:26 UTC
Waukesha,Wisconsin,3,0,0,0.0000000,43.0145800,-88.2354800,2020-03-16 21:26 UTC
Sheboygan,Wisconsin,3,0,0,0.0000000,43.7497800,-87.7134300,2020-03-16 21:26 UTC
Winnebago,Wisconsin,3,2,0,0.0000000,44.0751600,-88.5252200,2020-03-16 21:26 UTC
Pierce,Wisconsin,1,0,0,0.0000000,44.7227332,-92.4219232,2020-03-16 21:26 UTC
Racine,Wisconsin,1,0,0,0.0000000,42.7256400,-87.7895500,2020-03-16 21:26 UTC
Wood,Wisconsin,1,1,0,0.0000000,44.4752300,-90.1606200,2020-03-16 21:26 UTC
Clark,Nevada,35,19,2,0.0571429,36.2170997,-115.0246913,2020-03-16 21:26 UTC
Washoe,Nevada,9,2,0,0.0000000,40.6869602,-119.6659910,2020-03-16 21:26 UTC
Ormsby,Nevada,1,0,0,0.0000000,39.1647220,-119.7763890,2020-03-16 21:26 UTC
Montgomery,Maryland,15,3,0,0.0000000,39.1363682,-77.2040317,2020-03-16 21:26 UTC
Prince George's,Maryland,10,1,0,0.0000000,38.8283862,-76.8458707,2020-03-16 21:26 UTC
Baltimore,Maryland,4,1,0,0.0000000,39.2905800,-76.6092600,2020-03-16 21:26 UTC
Howard,Maryland,4,3,0,0.0000000,39.2511278,-76.9312584,2020-03-16 21:26 UTC
Harford,Maryland,2,0,0,0.0000000,39.5544404,-76.3158396,2020-03-16 21:26 UTC
Charles,Maryland,1,0,0,0.0000000,38.4741042,-77.0128671,2020-03-16 21:26 UTC
Anne Arundel,Maryland,1,-1,0,0.0000000,39.0088970,-76.6032863,2020-03-16 21:26 UTC
Carroll,Maryland,1,0,0,0.0000000,39.5629588,-77.0224657,2020-03-16 21:26 UTC
Baltimore City,Maryland,1,0,0,0.0000000,39.3019413,-76.6111117,2020-03-16 21:26 UTC
Talbot,Maryland,1,1,0,0.0000000,38.7592645,-76.1136695,2020-03-16 21:26 UTC
Washington,Oregon,13,0,0,0.0000000,45.5600596,-123.0984080,2020-03-16 21:26 UTC
Linn,Oregon,10,1,0,0.0000000,44.4887414,-122.5343983,2020-03-16 21:26 UTC
Deschutes,Oregon,4,1,0,0.0000000,44.1592400,-121.2596700,2020-03-16 21:26 UTC
Jackson,Oregon,2,0,0,0.0000000,42.4321189,-122.7284862,2020-03-16 21:26 UTC
Umatilla,Oregon,2,0,0,0.0000000,45.9176800,-119.3420300,2020-03-16 21:26 UTC
Marion,Oregon,2,0,0,0.0000000,44.7504500,-122.9405200,2020-03-16 21:26 UTC
Klamath,Oregon,1,0,0,0.0000000,42.6921914,-121.6433518,2020-03-16 21:26 UTC
Douglas,Oregon,1,0,0,0.0000000,43.2797710,-123.1664872,2020-03-16 21:26 UTC
Multnomah,Oregon,1,0,1,1.0000000,45.4697500,-122.7056200,2020-03-16 21:26 UTC
Polk,Oregon,1,0,0,0.0000000,44.9037345,-123.4127777,2020-03-16 21:26 UTC
Clackamas,Oregon,1,0,0,0.0000000,45.4121100,-122.5690900,2020-03-16 21:26 UTC
Yamhill,Oregon,1,1,0,0.0000000,45.3403700,-123.1878700,2020-03-16 21:26 UTC
Salt Lake,Utah,16,2,0,0.0000000,40.7603100,-111.8882200,2020-03-16 21:26 UTC
Non-Utah resident,Utah,10,3,0,0.0000000,39.3237252,-111.6782484,2020-03-16 21:26 UTC
Davis,Utah,4,1,0,0.0000000,40.9997362,-111.9800051,2020-03-16 21:26 UTC
Summit,Utah,4,2,0,0.0000000,40.8680986,-110.9558464,2020-03-16 21:26 UTC
Weber-Morgan,Utah,2,1,0,0.0000000,41.2245943,-111.9703114,2020-03-16 21:26 UTC
Southwest Utah,Utah,1,0,0,0.0000000,37.0035773,-112.9680908,2020-03-16 21:26 UTC
Wake,North Carolina,14,0,0,0.0000000,35.7901085,-78.6503976,2020-03-16 21:26 UTC
Mecklenburg,North Carolina,7,3,0,0.0000000,35.2414779,-80.8308055,2020-03-16 21:26 UTC
Harnett,North Carolina,3,1,0,0.0000000,35.3411700,-78.7883700,2020-03-16 21:26 UTC
Forsyth,North Carolina,2,0,0,0.0000000,36.1305370,-80.2563022,2020-03-16 21:26 UTC
Johnston,North Carolina,2,0,0,0.0000000,35.5176559,-78.3657386,2020-03-16 21:26 UTC
Chatham,North Carolina,1,0,0,0.0000000,35.7026299,-79.2554158,2020-03-16 21:26 UTC
Durham,North Carolina,1,0,0,0.0000000,35.9954200,-78.8964400,2020-03-16 21:26 UTC
Cabarrus,North Carolina,1,0,0,0.0000000,35.2372000,-80.5423000,2020-03-16 21:26 UTC
Onslow,North Carolina,1,0,0,0.0000000,34.7334689,-77.4296641,2020-03-16 21:26 UTC
Wayne,North Carolina,1,0,0,0.0000000,35.3637623,-78.0041603,2020-03-16 21:26 UTC
Brunswick,North Carolina,1,0,0,0.0000000,34.0705938,-78.2374968,2020-03-16 21:26 UTC
Craven,North Carolina,1,0,0,0.0000000,35.1172866,-77.0824703,2020-03-16 21:26 UTC
Watauga,North Carolina,1,0,0,0.0000000,36.2310136,-81.6964558,2020-03-16 21:26 UTC
Wilson,North Carolina,1,0,0,0.0000000,35.7219600,-77.9163700,2020-03-16 21:26 UTC
Fairfield,Connecticut,20,5,0,0.0000000,41.1663300,-73.2287600,2020-03-16 21:26 UTC
New Haven,Connecticut,4,0,0,0.0000000,41.3080100,-72.9243200,2020-03-16 21:26 UTC
Litchfield,Connecticut,3,0,0,0.0000000,41.7462600,-73.1889500,2020-03-16 21:26 UTC
Hartford,Connecticut,3,1,0,0.0000000,41.7637500,-72.6739400,2020-03-16 21:26 UTC
Kershaw,South Carolina,14,3,0,0.0000000,34.3389221,-80.5902960,2020-03-16 21:26 UTC
Beaufort,South Carolina,3,0,0,0.0000000,32.4311900,-80.6699300,2020-03-16 21:26 UTC
Horry,South Carolina,3,2,0,0.0000000,33.9318800,-79.1347000,2020-03-16 21:26 UTC
Lancaster,South Carolina,2,0,0,0.0000000,34.7209600,-80.7711200,2020-03-16 21:26 UTC
Anderson,South Carolina,2,2,0,0.0000000,34.5006100,-82.6496200,2020-03-16 21:26 UTC
Charleston,South Carolina,1,0,0,0.0000000,32.7811500,-79.9316000,2020-03-16 21:26 UTC
Spartanburg,South Carolina,1,0,0,0.0000000,34.9483800,-81.9349400,2020-03-16 21:26 UTC
Lexington,South Carolina,1,0,2,1.0000000,33.9810500,-81.2359500,2020-03-16 21:26 UTC
Greenville,South Carolina,1,1,0,0.0000000,34.8482700,-82.4001100,2020-03-16 21:26 UTC
Jefferson,Alabama,17,11,0,0.0000000,33.5542737,-86.8964891,2020-03-16 21:26 UTC
Tuscaloosa,Alabama,3,1,0,0.0000000,33.2104200,-87.5662500,2020-03-16 21:26 UTC
Shelby,Alabama,3,3,0,0.0000000,33.1130000,-86.5836100,2020-03-16 21:26 UTC
Montgomery,Alabama,1,0,0,0.0000000,32.3801500,-86.3000800,2020-03-16 21:26 UTC
Elmore,Alabama,1,0,0,0.0000000,32.5416500,-86.3109300,2020-03-16 21:26 UTC
Limestone,Alabama,1,0,0,0.0000000,34.8148920,-86.9772846,2020-03-16 21:26 UTC
Baldwin,Alabama,1,0,0,0.0000000,30.7358912,-87.7235251,2020-03-16 21:26 UTC
Lee,Alabama,1,1,0,0.0000000,32.6010351,-85.3554861,2020-03-16 21:26 UTC
Marion,Indiana,7,1,2,0.2857143,39.7817436,-86.1384149,2020-03-16 21:26 UTC
Hendricks,Indiana,3,1,0,0.0000000,39.7694543,-86.5099496,2020-03-16 21:26 UTC
Johnson,Indiana,3,0,0,0.0000000,39.4899822,-86.1016083,2020-03-16 21:26 UTC
Howard,Indiana,2,1,0,0.0000000,40.4835961,-86.1168603,2020-03-16 21:26 UTC
Noble,Indiana,1,0,0,0.0000000,41.3985825,-85.4174388,2020-03-16 21:26 UTC
Adams,Indiana,1,0,0,0.0000000,40.7456507,-84.9366342,2020-03-16 21:26 UTC
Boone,Indiana,1,0,0,0.0000000,40.0507449,-86.4686988,2020-03-16 21:26 UTC
St. Joseph,Indiana,1,0,0,0.0000000,41.6167201,-86.2899112,2020-03-16 21:26 UTC
Hancock,Indiana,1,0,0,0.0000000,39.8235322,-85.7732226,2020-03-16 21:26 UTC
Wells,Indiana,1,0,0,0.0000000,40.7291949,-85.2212160,2020-03-16 21:26 UTC
LaPorte,Indiana,1,0,0,0.0000000,41.6106000,-86.7225200,2020-03-16 21:26 UTC
Hamilton,Indiana,1,0,0,0.0000000,40.0725137,-86.0520180,2020-03-16 21:26 UTC
Floyd,Indiana,1,1,0,0.0000000,38.3189831,-85.9069298,2020-03-16 21:26 UTC
Bartholomew,Indiana,1,1,0,0.0000000,39.2059499,-85.8975923,2020-03-16 21:26 UTC
Johnson,Iowa,15,1,0,0.0000000,41.6714957,-91.5880542,2020-03-16 21:26 UTC
Allamakee,Iowa,2,2,0,0.0000000,43.2853182,-91.3847131,2020-03-16 21:26 UTC
Pottawattamie,Iowa,1,0,0,0.0000000,41.3366584,-95.5414196,2020-03-16 21:26 UTC
Carroll,Iowa,1,0,0,0.0000000,42.0658500,-94.8679300,2020-03-16 21:26 UTC
Harrison,Iowa,1,0,0,0.0000000,41.6830140,-95.8155240,2020-03-16 21:26 UTC
Dallas,Iowa,1,0,0,0.0000000,41.6848168,-94.0397620,2020-03-16 21:26 UTC
Polk,Iowa,1,1,0,0.0000000,41.6854116,-93.5734424,2020-03-16 21:26 UTC
Jefferson,Arkansas,3,0,0,0.0000000,34.3791100,-92.1660800,2020-03-16 21:26 UTC
Providence,Rhode Island,21,1,0,0.0000000,41.8238700,-71.4119900,2020-03-16 21:26 UTC
Harrison,Kentucky,6,0,0,0.0000000,38.4417404,-84.3314045,2020-03-16 21:26 UTC
Jefferson,Kentucky,6,2,0,0.0000000,38.1858902,-85.6549948,2020-03-16 21:26 UTC
Fayette,Kentucky,5,0,0,0.0000000,38.0422722,-84.4586867,2020-03-16 21:26 UTC
Montgomery,Kentucky,1,-1,0,0.0000000,38.0334716,-83.9130299,2020-03-16 21:26 UTC
Nelson,Kentucky,1,0,0,0.0000000,37.8050764,-85.4659716,2020-03-16 21:26 UTC
Clark,Kentucky,1,1,0,0.0000000,37.9708229,-84.1473359,2020-03-16 21:26 UTC
Bourbon,Kentucky,1,1,2,1.0000000,38.2066795,-84.2171359,2020-03-16 21:26 UTC
Maricopa,Arizona,8,4,0,0.0000000,33.3488247,-112.4912788,2020-03-16 21:26 UTC
Pinal,Arizona,5,0,0,0.0000000,32.9043197,-111.3447647,2020-03-16 21:26 UTC
Pima,Arizona,4,1,0,0.0000000,32.0972712,-111.7897671,2020-03-16 21:26 UTC
Graham,Arizona,1,0,0,0.0000000,32.8744900,-109.7419800,2020-03-16 21:26 UTC
Douglas,Nebraska,16,1,0,0.0000000,41.2953516,-96.1553341,2020-03-16 21:26 UTC
Knox,Nebraska,1,0,0,0.0000000,42.6316546,-97.8946364,2020-03-16 21:26 UTC
Cass,Nebraska,1,0,0,0.0000000,40.9097579,-96.1413609,2020-03-16 21:26 UTC
Rockingham,New Hampshire,10,6,0,0.0000000,43.0495400,-70.9321600,2020-03-16 21:26 UTC
Grafton,New Hampshire,5,2,0,0.0000000,43.5621200,-71.9511400,2020-03-16 21:26 UTC
Hillsborough,New Hampshire,1,1,0,0.0000000,43.1443000,-71.9327200,2020-03-16 21:26 UTC
Washington,District of Columbia,17,1,0,0.0000000,38.8903700,-77.0319600,2020-03-16 21:26 UTC
Bernalillo,New Mexico,10,4,0,0.0000000,35.0512846,-106.6703125,2020-03-16 21:26 UTC
Santa Fe,New Mexico,3,0,0,0.0000000,35.6916800,-105.9379600,2020-03-16 21:26 UTC
Socorro,New Mexico,2,0,0,0.0000000,34.0601400,-106.8918700,2020-03-16 21:26 UTC
Sandoval,New Mexico,2,0,0,0.0000000,35.6887887,-106.8666133,2020-03-16 21:26 UTC
Cumberland,Maine,13,12,0,0.0000000,43.7902800,-70.2461200,2020-03-16 21:26 UTC
Lincoln,Maine,2,2,0,0.0000000,44.0701853,-69.5438710,2020-03-16 21:26 UTC
Androscoggin,Maine,1,0,0,0.0000000,44.1658761,-70.2064586,2020-03-16 21:26 UTC
Konx,Maine,1,1,0,0.0000000,44.1515895,-69.1788500,2020-03-16 21:26 UTC
Chittenden,Vermont,4,2,0,0.0000000,44.4579951,-73.0540497,2020-03-16 21:26 UTC
Bennington,Vermont,3,1,0,0.0000000,42.8767200,-73.1981800,2020-03-16 21:26 UTC
Windsor,Vermont,3,0,0,0.0000000,43.4811500,-72.3858100,2020-03-16 21:26 UTC
Washington,Vermont,1,0,0,0.0000000,44.2734456,-72.6148592,2020-03-16 21:26 UTC
Forrest,Mississippi,3,0,0,0.0000000,31.1888395,-89.2578348,2020-03-16 21:26 UTC
Pearl River,Mississippi,3,2,0,0.0000000,30.7685434,-89.5897574,2020-03-16 21:26 UTC
Copiah,Mississippi,2,1,0,0.0000000,31.8693204,-90.4488597,2020-03-16 21:26 UTC
Hinds,Mississippi,2,2,0,0.0000000,32.2667675,-90.4426253,2020-03-16 21:26 UTC
Leflore,Mississippi,1,0,0,0.0000000,33.5505280,-90.3010654,2020-03-16 21:26 UTC
Monroe,Mississippi,1,1,0,0.0000000,33.8922661,-88.4805139,2020-03-16 21:26 UTC
Johnson,Kansas,8,3,0,0.0000000,38.8837729,-94.8222252,2020-03-16 21:26 UTC
Wyandotte,Kansas,1,0,1,1.0000000,39.1140701,-94.7652427,2020-03-16 21:26 UTC
Butler,Kansas,1,0,0,0.0000000,37.7812809,-96.8390308,2020-03-16 21:26 UTC
Franklin,Kansas,1,0,0,0.0000000,38.5645175,-95.2859405,2020-03-16 21:26 UTC
Tulsa,Oklahoma,3,0,0,0.0000000,36.1501100,-95.9935200,2020-03-16 21:26 UTC
Cleveland,Oklahoma,2,1,0,0.0000000,35.2030938,-97.3263907,2020-03-16 21:26 UTC
Jackson,Oklahoma,1,0,0,0.0000000,34.5866254,-99.4160473,2020-03-16 21:26 UTC
Oklahoma,Oklahoma,1,0,0,0.0000000,35.5826840,-97.5085994,2020-03-16 21:26 UTC
Payne,Oklahoma,1,0,0,0.0000000,36.0773271,-96.9757817,2020-03-16 21:26 UTC
Kay,Oklahoma,1,1,0,0.0000000,36.8180061,-97.1438707,2020-03-16 21:26 UTC
Canadian,Oklahoma,1,1,0,0.0000000,35.5425812,-97.9825648,2020-03-16 21:26 UTC
Minnehaha,South Dakota,4,1,0,0.0000000,43.6741776,-96.7914246,2020-03-16 21:26 UTC
Pennington,South Dakota,1,0,1,1.0000000,44.0037450,-102.8239008,2020-03-16 21:26 UTC
Beadle,South Dakota,1,0,0,0.0000000,44.4144846,-98.2781099,2020-03-16 21:26 UTC
Charles Mix,South Dakota,1,0,0,0.0000000,43.2074746,-98.5766704,2020-03-16 21:26 UTC
Davidson,South Dakota,1,0,0,0.0000000,,,2020-03-16 21:26 UTC
Bon Homme,South Dakota,1,0,0,0.0000000,42.9933604,-97.8866697,2020-03-16 21:26 UTC
McCook,South Dakota,1,0,0,0.0000000,43.6743065,-97.3684216,2020-03-16 21:26 UTC
New Castle,Delaware,8,1,0,0.0000000,39.6597700,-75.5639400,2020-03-16 21:26 UTC
Honolulu,Hawaii,4,1,0,0.0000000,21.3049300,-157.8578800,2020-03-16 21:26 UTC
Kauai,Hawaii,2,2,0,0.0000000,22.0825024,-159.7275965,2020-03-16 21:26 UTC
Maui,Hawaii,1,1,0,0.0000000,20.8595351,-156.5646068,2020-03-16 21:26 UTC
Missoula,Montana,2,0,0,0.0000000,46.8727800,-113.9962500,2020-03-16 21:26 UTC
Gallatin,Montana,1,0,0,0.0000000,45.5404518,-111.1704109,2020-03-16 21:26 UTC
Yellowstone,Montana,1,0,0,0.0000000,45.9371163,-108.2743481,2020-03-16 21:26 UTC
Silver Bow,Montana,1,0,0,0.0000000,45.9954400,-112.6566100,2020-03-16 21:26 UTC
Lewis and Clark,Montana,1,0,0,0.0000000,,,2020-03-16 21:26 UTC
Greene,Missouri,3,1,0,0.0000000,37.2580403,-93.3420185,2020-03-16 21:26 UTC
St. Louis,Missouri,2,0,0,0.0000000,38.6277500,-90.1995600,2020-03-16 21:26 UTC
Henry,Missouri,1,0,0,0.0000000,38.3884215,-93.7966805,2020-03-16 21:26 UTC
Ada,Idaho,2,0,0,0.0000000,43.4510569,-116.2411338,2020-03-16 21:26 UTC
Blaine,Idaho,1,0,0,0.0000000,43.4123346,-113.9798058,2020-03-16 21:26 UTC
Teton,Idaho,1,0,0,0.0000000,43.7594517,-111.2076444,2020-03-16 21:26 UTC
Unknown,Idaho,1,0,0,0.0000000,44.2404590,-114.4788280,2020-03-16 21:26 UTC
Puerto Rico,Puerto Rico,5,0,0,0.0000000,18.2226065,-66.4689534,2020-03-16 21:26 UTC
Sheridan County,Wyoming,1,0,0,0.0000000,44.7899851,-106.8795285,2020-03-16 21:26 UTC
Fremont,Wyoming,1,0,0,0.0000000,43.0405186,-108.6304974,2020-03-16 21:26 UTC
Sheridan,Wyoming,1,0,0,0.0000000,44.7979200,-106.9558700,2020-03-16 21:26 UTC
Ward,North Dakota,1,0,0,0.0000000,48.2216809,-101.5418179,2020-03-16 21:26 UTC
Anchorage,Alaska,1,0,0,0.0000000,61.2175300,-149.8582500,2020-03-16 21:26 UTC
Unassigned,Washington,102,63,0,0.0000000,47.4009020,-121.4904940,2020-03-16 21:26 UTC
Unassigned,New Jersey,2,2,0,0.0000000,40.2989040,-74.5210110,2020-03-16 21:26 UTC
Unassigned,Florida,36,36,1,0.0277778,,,2020-03-16 21:26 UTC
Unassigned,Colorado,1,-1,0,0.0000000,39.0598110,-105.3111040,2020-03-16 21:26 UTC
Unassigned,Louisiana,18,14,0,0.0000000,31.1695460,-91.8678050,2020-03-16 21:26 UTC
Unassigned,Illinois,24,24,0,0.0000000,,,2020-03-16 21:26 UTC
Unassigned,Michigan,1,0,0,0.0000000,,,2020-03-16 21:26 UTC
Unassigned,Virginia,1,1,0,0.0000000,,,2020-03-16 21:26 UTC
Unassigned,Arkansas,10,1,0,0.0000000,34.9697040,-92.3731230,2020-03-16 21:26 UTC
Unassigned,Montana,1,0,0,0.0000000,46.9219250,-110.4543530,2020-03-16 21:26 UTC
Unassigned,Guam,3,0,0,0.0000000,13.4211290,144.7397200,2020-03-16 21:26 UTC
Unassigned,US Virgin Islands,1,0,0,0.0000000,17.7526250,-64.7354200,2020-03-16 21:26 UTC
Unknown,Massachusetts,10,10,0,0.0000000,42.2301710,-71.5301060,2020-03-16 21:26 UTC
Forsyth,Georgia,1,1,0,0.0000000,33.0341900,-83.9389400,2020-03-16 21:26 UTC
Will,Illinois,1,1,0,0.0000000,41.4450565,-87.9786523,2020-03-16 21:26 UTC
Hay,Texas,1,1,0,0.0000000,,,2020-03-16 21:26 UTC
Bowie,Texas,1,1,0,0.0000000,33.5594000,-97.8483700,2020-03-16 21:26 UTC
Blue earth,Minnesota,1,1,0,0.0000000,43.6415500,-94.0909400,2020-03-16 21:26 UTC
Benton,Minnesota,1,1,0,0.0000000,44.7760900,-93.7811300,2020-03-16 21:26 UTC
Sevier,Tennessee,1,1,0,0.0000000,35.7840684,-83.5242224,2020-03-16 21:26 UTC
Outagamie,Wisconsin,1,1,0,0.0000000,44.4161518,-88.4649782,2020-03-16 21:26 UTC
Frederick,Maryland,1,1,0,0.0000000,39.4157400,-77.4120300,2020-03-16 21:26 UTC
Tooele,Utah,1,1,0,0.0000000,40.5340800,-112.2984900,2020-03-16 21:26 UTC
Wasatch,Utah,1,1,0,0.0000000,40.3304771,-111.1683986,2020-03-16 21:26 UTC
Carroll,New Hampshire,1,1,0,0.0000000,44.2978700,-71.5418400,2020-03-16 21:26 UTC
Orange,Vermont,1,1,0,0.0000000,44.1485400,-72.4023300,2020-03-16 21:26 UTC
